现货批发 12连硅胶蛋糕模 马芬杯圆形杯子蛋糕模 冷手工制皂模,10.20, XG047,圆形,32.4*24.3*2.9cm单孔6.8*2.7cm,202g,全新环保级材料常温耐热240度至零下60度硅胶。
现货批发 20连一口一个硅胶果冻模 布丁模 香薰蜡烛模 Diy耐高温,9.70, XG114,子弹头,27*22*3.5cm,190g,全新环保级材料常温耐热240度至零下60度硅胶。
现货批发8连蜗牛海螺形状硅胶蛋糕模 创意香薰模 耐高温易脱模DIY,5.40, XG764,海螺,27*16*2.2cm,100g,全新环保级材料常温耐热240度至零下60度硅胶。
现货批发 8连雪花雨点硅胶巧克力模 冰格模具 家用耐高温易清洗模,4.10, XG163,冰雪世界,11.3*18.7*2.5cm,70g,全新环保级材料常温耐热240度至零下60度硅胶。
现货批发 4连长方形可拆分硅胶手工皂模 冷制皂模 耐高低温 易脱,4.90, XG749,正方形,16*14*3.2cm,95g,全新环保级材料常温耐热240度至零下60度硅胶
现货批发 单个大兔子硅胶蛋糕模 耐高温烤盘 易清洗 可重复使用,6.70, XG518,大兔子,31*25*4cm,145g,全新环保级材料常温耐热240度至零下60度硅胶。
现货批发 6连硅胶蛋糕模 马芬杯圆形杯子蛋糕模 冷手工制皂模烘培,6.30, XG113,圆形,29*18.5*4.5cm开口处8cm，底部5cm,120g,全新环保级材料常温耐热240度至零下60度硅胶。
现货批发 8连圈圈椰子塔模 硅胶手工皂模 蛋糕模 耐高温DIY烘焙,7.10, XG760,雪花,30*17*3.5,150g,全新环保级材料常温耐热240度至零下60度硅胶。
现货批发 6连爱心硅胶蛋糕模 情人节系列 米糕发糕模 耐高温 易洗,6.10, XG784,心形,25*22.5*3.5cm,102g,全新环保级材料常温耐热240度至零下60度硅胶。
现货批发 18年新品6连懒人熊硅胶蛋糕模 卡通鸡蛋仔模 果冻布丁模,4.90, XG796,懒人熊,22*13*2.5cm,60g,全新环保级材料常温耐热240度至零下60度硅胶。
现货批发 2格硅胶蛋糕模 辅食储物盒 耐高温 易清洗耐高温 家用,4.10, XG550,长方形,13.5*10*3.2cm单个8*5*3.2cm单个出皂125g,65g,全新环保级材料常温耐热240度至零下60度硅胶。
现货批发 8连孔雀点点硅胶蛋糕模 手工皂莫 香薰蜡烛模 不粘模diy,5.50, XG754,圆形,29*16.8*2.5cm,105g,全新环保级材料常温耐热240度至零下60度硅胶。
现货批发硅胶圆形蜂窝垫 餐垫 防滑隔热垫 耐高温 易清洗 餐台隔,3.30, XG109,圆形,Dia18*0.7cm,57g,全新环保级材料常温耐热240度至零下60度硅胶。
现货批发 单个长方形吐司蛋糕模带玫瑰 硅胶大烤盘 耐高温 易清洗,6.90, XG502,长方形,29*14*7cm,155g,全新环保级材料常温耐热240度至零下60度硅胶。
现货批发 12连玫瑰花硅胶蛋糕模 果冻布丁模 香薰冷制皂模 耐高温,7.90, XG708,牡丹花,28.7*25*3.7cm,165g,全新环保级材料常温耐热240度至零下60度硅胶。
现货批发 情人节系列礼品 单个大爱心硅胶蛋糕模 大烤盘 不粘模,6.40, XG127,桃心,21.5*24.5*4cm,125g,全新环保级材料常温耐热240度至零下60度硅胶。
现货批发 单个雪糕形状硅胶蛋糕模 烤盘模 耐高温易脱模 diy烘焙,5.60, XG512,蛋糕,26*25*4.5cm,110g,全新环保级材料常温耐热240度至零下60度硅胶。
现货批发 单个硅胶大烤盘 蛋糕模 复活节节日系列礼品 不粘模易脱,8.30, XG531,鸡蛋篮子,28*24*4.5cm,176g,全新环保级材料常温耐热240度至零下60度硅胶。
现货批发 4连2组花形硅胶蛋糕模 果冻布丁模 耐高温易清洗皂模DIY,3.70, XG759,花花,16.5*16.5*3.5cm,65g,全新环保级材料常温耐热240度至零下60度硅胶。
现货批发 8连立体玫瑰硅胶蛋糕模 果冻布丁模 香薰石膏模 易清洗,6.10, XG768,大玫瑰,28*15*3cm,120g,全新环保级材料常温耐热240度至零下60度硅胶。
现货批发 8连方形硅胶蛋糕模 点心模 耐高温易清洗 不粘模,5.70, XG751,方形,28.3*17*1.5cm,105g,全新环保级材料常温耐热240度至零下60度硅胶。
现货批发 6连大玫瑰硅胶蛋糕模 手工皂模 形象逼真 易脱模,5.90, XG765,大玫瑰,29*17*3.5cm,130g,全新环保级材料常温耐热240度至零下60度硅胶。
现货批发 单个长方形硅胶吐司盘 大烤盘 蛋糕模不粘模烘焙DIy,7.00, XG509,长方形,25*12*7.5cm,142g,全新环保级材料常温耐热240度至零下60度硅胶。
现货批发4连2组花硅胶月饼模 厨房烘焙蛋糕模 DIY手工皂模 易脱模,3.20, XG706,花花,15*15*3.5cm,52g,全新环保级材料常温耐热240度至零下60度硅胶。
现货批发 系列卡通人物 硅胶蛋糕模 三眼卡通烤盘模 机器人形,3.70, XG516,机器人,18.8*15.5*3cm,65g,全新环保级材料常温耐热240度至零下60度硅胶。
现货批发 圣诞节日系列礼品 圣诞树硅胶蛋糕模 香薰模 米糕模易脱,5.40, XG717,圣诞树,25*17.5*3cm,140g,全新环保级材料常温耐热240度至零下60度硅胶。
现货批发 单个大硅胶蛋糕模 大烤盘带有8个菱角 易脱模不粘模 DIY,8.60, XG530,8角星,23*9cm,173g,全新环保级材料常温耐热240度至零下60度硅胶。
现货批发 12连多形状硅胶果冻模具 香薰蛋糕模 米糕发糕模 耐高温,6.00, XG622,多形状,23*19*2.4cm,140g,全新环保级材料常温耐热240度至零下60度硅胶。
现货批发 方形蝴蝶结硅胶蛋糕模 烤盘模 家用diy烘焙工具 耐高温,8.70, XG524,方形带蝴蝶结烤盘,32*24*5cm,185g,全新环保级材料常温耐热240度至零下60度硅胶。
现货批发 6连立体加菲猫硅胶蛋糕模 香薰石膏模 家用DIY手作工具,5.10, XG770,卡通猫,21.5*11.5*2cm,85g,全新环保级材料常温耐热240度至零下60度硅胶。
现货批发 9个花瓣中间有花蕊硅胶蛋糕模 丫头吃冰模耐高温易清洗,9.10, XG728,9分太阳花,27.2*5*22.4cm,185g,全新环保级材料常温耐热240度至零下60度硅胶。
现货批发 6连手枪形状硅胶巧克力模 冰格模 家用自制DIY香薰模,3.50, XG782,6连手枪,18.5*14*1cm,60g,全新环保级材料常温耐热240度至零下60度硅胶。
现货批发 6连卡通兔子造型硅胶蛋糕模 米糕模 宝宝辅食工具 自制,5.70, XG716,兔子,26*14.5*3cm,120g,全新环保级材料常温耐热240度至零下60度硅胶。
现货批发 8连爱心硅胶蛋糕模 情人节系列礼品 米糕发糕模 耐高温,6.80, XG723,爱心,33*17*3.8cm,122g,全新环保级材料常温耐热240度至零下60度硅胶。
现货批发 单个大圆形传统花纹硅胶蛋糕模烤盘 家用烘培工具 高温,9.20, XG533,传统花纹,27*27*6.5cm,200g,全新环保级材料常温耐热240度至零下60度硅胶。
现货批发 单个大圆形硅胶烤盘 蛋糕模 不粘模微波炉适用不粘模,8.10, XG510,单个圆,Dia25*3.5cm,160g,全新环保级材料常温耐热240度至零下60度硅胶。
现货批发 单个大咕噜硅胶蛋糕烤盘 天使南瓜萨瓦林模 微波炉用,7.50, XG508,单个大咕噜,24*10.5cm,157g,全新环保级材料常温耐热240度至零下60度硅胶。
现货批发 6连2组花形硅胶蛋糕模 郁金香栀子花手工皂模 易脱模DIY,5.70, XG715,郁金香,26*17*2.8cm,112g,全新环保级材料常温耐热240度至零下60度硅胶。
现货批发 100%韩国制造金砖皂模 硅胶蛋糕模 家庭烘焙DIY工具,3.30, XG095,金砖,12.2*8.2*2.4cm,49g,全新环保级材料常温耐热240度至零下60度硅胶。
现货批发 单个郁金香大硅胶烤盘 蛋糕模 带耳朵防烫 不粘模 易脱,9.20, XG529,郁金香,32*27.5*6.7cm,200g,全新环保级材料常温耐热240度至零下60度硅胶。
现货批发 6连猫爪加骨头硅胶蛋糕模 香熏模 耐高温 易脱模 可爱爪,3.60, XG783,卡通猫爪+狗骨头,17.8*15.8*1.4cm,60g,全新环保级材料常温耐热240度至零下60度硅胶。
现货批发 16连椭圆硅胶蛋糕模 巧克力模 香薰石膏模 米糕模易脱模,5.90, XG712,椭圆,29.3*17*1.7cm,138g,全新环保级材料常温耐热240度至零下60度硅胶。
现货批发 12连硅胶蛋糕模 马芬杯圆形杯子蛋糕模 冷手工制皂模,10.20, XG047,圆形,32.4*24.3*2.9cm单孔6.8*2.7cm,202g,全新环保级材料常温耐热240度至零下60度硅胶。
现货批发 20连一口一个硅胶果冻模 布丁模 香薰蜡烛模 Diy耐高温,9.70, XG114,子弹头,27*22*3.5cm,190g,全新环保级材料常温耐热240度至零下60度硅胶。
现货批发8连蜗牛海螺形状硅胶蛋糕模 创意香薰模 耐高温易脱模DIY,5.40, XG764,海螺,27*16*2.2cm,100g,全新环保级材料常温耐热240度至零下60度硅胶。
现货批发 8连雪花雨点硅胶巧克力模 冰格模具 家用耐高温易清洗模,4.10, XG163,冰雪世界,11.3*18.7*2.5cm,70g,全新环保级材料常温耐热240度至零下60度硅胶。
现货批发 4连长方形可拆分硅胶手工皂模 冷制皂模 耐高低温 易脱,4.90, XG749,正方形,16*14*3.2cm,95g,全新环保级材料常温耐热240度至零下60度硅胶
现货批发 单个大兔子硅胶蛋糕模 耐高温烤盘 易清洗 可重复使用,6.70, XG518,大兔子,31*25*4cm,145g,全新环保级材料常温耐热240度至零下60度硅胶。
现货批发 6连硅胶蛋糕模 马芬杯圆形杯子蛋糕模 冷手工制皂模烘培,6.30, XG113,圆形,29*18.5*4.5cm开口处8cm，底部5cm,120g,全新环保级材料常温耐热240度至零下60度硅胶。
现货批发 8连圈圈椰子塔模 硅胶手工皂模 蛋糕模 耐高温DIY烘焙,7.10, XG760,雪花,30*17*3.5,150g,全新环保级材料常温耐热240度至零下60度硅胶。
现货批发 6连爱心硅胶蛋糕模 情人节系列 米糕发糕模 耐高温 易洗,6.10, XG784,心形,25*22.5*3.5cm,102g,全新环保级材料常温耐热240度至零下60度硅胶。
现货批发 2格硅胶蛋糕模 辅食储物盒 耐高温 易清洗耐高温 家用,4.10, XG550,长方形,13.5*10*3.2cm单个8*5*3.2cm单个出皂125g,65g,全新环保级材料常温耐热240度至零下60度硅胶。
